,Point 0,Point 1,Point 2,Point 3,Point 4,Point 5,Point 6,Point 7,Point 8
0,69.55199999999999,75.348,72.036,77.832,94.392,73.692,77.832,77.00399999999999,96.87599999999999
1,69.55199999999999,75.348,72.036,77.832,94.392,73.692,77.832,77.00399999999999,96.87599999999999
2,69.55199999999999,75.348,72.036,77.832,94.392,73.692,77.832,77.00399999999999,96.87599999999999
3,69.55199999999999,75.348,72.036,77.832,94.392,73.692,77.832,77.00399999999999,96.87599999999999
4,69.55199999999999,75.348,72.036,77.832,94.392,73.692,77.832,77.00399999999999,96.87599999999999
5,69.55199999999999,75.348,72.036,77.832,94.392,73.692,77.832,77.00399999999999,96.87599999999999
6,69.55199999999999,75.348,72.036,77.832,94.392,73.692,77.832,77.00399999999999,96.87599999999999
7,69.55199999999999,75.348,72.036,77.832,94.392,73.692,77.832,77.00399999999999,96.87599999999999
8,69.55199999999999,75.348,72.036,77.832,94.392,73.692,77.832,77.00399999999999,96.87599999999999
9,67.068,67.896,72.86399999999999,81.972,84.45599999999999,89.42399999999999,72.036,77.00399999999999,92.73599999999999
10,67.068,67.896,72.86399999999999,81.972,84.45599999999999,89.42399999999999,72.036,77.00399999999999,92.73599999999999
11,78.66,57.959999999999994,63.756,73.692,81.14399999999999,81.972,72.036,83.628,92.73599999999999
12,78.66,57.959999999999994,63.756,73.692,81.14399999999999,81.972,72.036,83.628,92.73599999999999
13,92.73599999999999,58.788,55.476,63.756,71.208,83.628,87.768,78.66,91.908
14,92.73599999999999,58.788,55.476,63.756,71.208,83.628,87.768,78.66,91.908
15,96.048,50.507999999999996,55.476,56.303999999999995,68.72399999999999,77.832,91.08,78.66,96.048
16,96.048,50.507999999999996,55.476,56.303999999999995,68.72399999999999,77.832,91.08,78.66,96.048
17,96.048,50.507999999999996,55.476,56.303999999999995,68.72399999999999,77.832,91.08,78.66,96.048
18,96.048,50.507999999999996,55.476,56.303999999999995,68.72399999999999,77.832,91.08,78.66,96.048
19,94.392,53.82,54.647999999999996,60.443999999999996,67.896,72.036,84.45599999999999,94.392,105.15599999999999
20,94.392,53.82,54.647999999999996,60.443999999999996,67.896,72.036,84.45599999999999,94.392,105.15599999999999
21,97.704,72.036,55.476,57.959999999999994,60.443999999999996,67.068,86.112,110.952,134.136
22,97.704,72.036,55.476,57.959999999999994,60.443999999999996,67.068,86.112,110.952,134.136
23,83.628,86.112,53.82,57.132,58.788,71.208,91.08,123.372,143.244
24,83.628,86.112,53.82,57.132,58.788,71.208,91.08,123.372,143.244
25,77.00399999999999,79.488,60.443999999999996,57.959999999999994,61.272,70.38,89.42399999999999,134.136,195.408
26,77.00399999999999,79.488,60.443999999999996,57.959999999999994,61.272,70.38,89.42399999999999,134.136,195.408
27,77.00399999999999,79.488,60.443999999999996,57.959999999999994,61.272,70.38,89.42399999999999,134.136,195.408
28,75.348,83.628,77.00399999999999,57.132,59.616,72.036,90.252,128.34,158.976
29,75.348,83.628,77.00399999999999,57.132,59.616,72.036,90.252,128.34,158.976
30,75.348,83.628,77.00399999999999,57.132,59.616,72.036,90.252,128.34,158.976
31,79.488,79.488,72.036,51.336,58.788,70.38,84.45599999999999,126.684,161.45999999999998
32,79.488,79.488,72.036,51.336,58.788,70.38,84.45599999999999,126.684,161.45999999999998
33,65.41199999999999,70.38,77.832,79.488,64.584,81.972,106.812,124.19999999999999,152.352
34,65.41199999999999,70.38,77.832,79.488,64.584,81.972,106.812,124.19999999999999,152.352
35,67.896,76.176,77.00399999999999,85.28399999999999,72.036,75.348,105.15599999999999,127.512,134.136
36,67.896,76.176,77.00399999999999,85.28399999999999,72.036,75.348,105.15599999999999,127.512,134.136
37,68.72399999999999,74.52,79.488,91.908,105.15599999999999,77.832,104.32799999999999,87.768,118.404
38,68.72399999999999,74.52,79.488,91.908,105.15599999999999,77.832,104.32799999999999,87.768,118.404
39,64.584,70.38,71.208,93.564,114.264,81.972,101.01599999999999,93.564,112.60799999999999
40,64.584,70.38,71.208,93.564,114.264,81.972,101.01599999999999,93.564,112.60799999999999
41,64.584,70.38,71.208,93.564,114.264,81.972,101.01599999999999,93.564,112.60799999999999
42,64.584,70.38,71.208,93.564,114.264,81.972,101.01599999999999,93.564,112.60799999999999
43,65.41199999999999,70.38,67.896,92.73599999999999,122.544,80.316,92.73599999999999,95.22,110.124
44,65.41199999999999,70.38,67.896,92.73599999999999,122.544,80.316,92.73599999999999,95.22,110.124
45,68.72399999999999,63.756,88.59599999999999,90.252,116.74799999999999,99.36,100.18799999999999,88.59599999999999,101.844
46,68.72399999999999,63.756,88.59599999999999,90.252,116.74799999999999,99.36,100.18799999999999,88.59599999999999,101.844
47,65.41199999999999,68.72399999999999,85.28399999999999,94.392,111.78,110.952,91.908,86.112,95.22
48,65.41199999999999,68.72399999999999,85.28399999999999,94.392,111.78,110.952,91.908,86.112,95.22
49,65.41199999999999,73.692,84.45599999999999,95.22,102.672,114.264,86.112,86.94,89.42399999999999
50,65.41199999999999,73.692,84.45599999999999,95.22,102.672,114.264,86.112,86.94,89.42399999999999
51,65.41199999999999,73.692,84.45599999999999,95.22,102.672,114.264,86.112,86.94,89.42399999999999
52,75.348,74.52,87.768,92.73599999999999,101.01599999999999,109.29599999999999,84.45599999999999,81.972,82.8
53,75.348,74.52,87.768,92.73599999999999,101.01599999999999,109.29599999999999,84.45599999999999,81.972,82.8
54,75.348,74.52,87.768,92.73599999999999,101.01599999999999,109.29599999999999,84.45599999999999,81.972,82.8
55,84.45599999999999,82.8,90.252,93.564,95.22,102.672,104.32799999999999,79.488,81.14399999999999
56,84.45599999999999,82.8,90.252,93.564,95.22,102.672,104.32799999999999,79.488,81.14399999999999
57,101.01599999999999,76.176,91.908,93.564,83.628,98.532,104.32799999999999,103.5,86.112
58,101.01599999999999,76.176,91.908,93.564,83.628,98.532,104.32799999999999,103.5,86.112
59,91.08,78.66,86.112,101.844,83.628,87.768,89.42399999999999,107.64,91.08
60,91.08,78.66,86.112,101.844,83.628,87.768,89.42399999999999,107.64,91.08
61,86.112,106.812,76.176,96.048,78.66,81.972,98.532,117.576,97.704
62,86.112,106.812,76.176,96.048,78.66,81.972,98.532,117.576,97.704
63,86.112,106.812,76.176,96.048,78.66,81.972,98.532,117.576,97.704
64,74.52,115.092,77.00399999999999,83.628,79.488,74.52,96.048,94.392,105.984
65,74.52,115.092,77.00399999999999,83.628,79.488,74.52,96.048,94.392,105.984
66,74.52,115.092,77.00399999999999,83.628,79.488,74.52,96.048,94.392,105.984
67,65.41199999999999,82.8,84.45599999999999,78.66,78.66,78.66,88.59599999999999,110.952,137.44799999999998
68,65.41199999999999,82.8,84.45599999999999,78.66,78.66,78.66,88.59599999999999,110.952,137.44799999999998
69,63.756,62.099999999999994,115.91999999999999,93.564,88.59599999999999,74.52,79.488,93.564,95.22
70,63.756,62.099999999999994,115.91999999999999,93.564,88.59599999999999,74.52,79.488,93.564,95.22
71,67.896,66.24,89.42399999999999,134.136,102.672,82.8,77.00399999999999,86.112,99.36
72,67.896,66.24,89.42399999999999,134.136,102.672,82.8,77.00399999999999,86.112,99.36
73,67.896,66.24,89.42399999999999,134.136,102.672,82.8,77.00399999999999,86.112,99.36
74,62.099999999999994,59.616,77.00399999999999,114.264,108.46799999999999,97.704,79.488,81.14399999999999,92.73599999999999
75,62.099999999999994,59.616,77.00399999999999,114.264,108.46799999999999,97.704,79.488,81.14399999999999,92.73599999999999
76,64.584,52.992,63.756,94.392,123.372,114.264,91.08,83.628,92.73599999999999
77,64.584,52.992,63.756,94.392,123.372,114.264,91.08,83.628,92.73599999999999
78,64.584,52.992,63.756,94.392,123.372,114.264,91.08,83.628,92.73599999999999
79,74.52,50.507999999999996,54.647999999999996,84.45599999999999,120.88799999999999,109.29599999999999,101.844,86.94,96.87599999999999
80,74.52,50.507999999999996,54.647999999999996,84.45599999999999,120.88799999999999,109.29599999999999,101.844,86.94,96.87599999999999
81,84.45599999999999,62.928,45.54,53.82,77.832,87.768,125.856,106.812,94.392
82,84.45599999999999,62.928,45.54,53.82,77.832,87.768,125.856,106.812,94.392
83,99.36,78.66,48.852,48.024,70.38,87.768,118.404,110.124,105.984
84,99.36,78.66,48.852,48.024,70.38,87.768,118.404,110.124,105.984
85,86.112,94.392,67.896,47.196,67.896,75.348,120.05999999999999,110.952,101.844
86,86.112,94.392,67.896,47.196,67.896,75.348,120.05999999999999,110.952,101.844
87,86.94,78.66,84.45599999999999,48.024,55.476,72.036,96.87599999999999,124.19999999999999,95.22
88,86.94,78.66,84.45599999999999,48.024,55.476,72.036,96.87599999999999,124.19999999999999,95.22
89,86.94,78.66,84.45599999999999,48.024,55.476,72.036,96.87599999999999,124.19999999999999,95.22
90,86.94,78.66,84.45599999999999,48.024,55.476,72.036,96.87599999999999,124.19999999999999,95.22
91,80.316,72.86399999999999,77.832,51.336,55.476,66.24,96.87599999999999,111.78,106.812
92,80.316,72.86399999999999,77.832,51.336,55.476,66.24,96.87599999999999,111.78,106.812
93,69.55199999999999,67.068,77.00399999999999,81.14399999999999,70.38,61.272,82.8,101.844,105.984
94,69.55199999999999,67.068,77.00399999999999,81.14399999999999,70.38,61.272,82.8,101.844,105.984
95,68.72399999999999,51.336,86.112,89.42399999999999,73.692,59.616,74.52,101.844,108.46799999999999
96,68.72399999999999,51.336,86.112,89.42399999999999,73.692,59.616,74.52,101.844,108.46799999999999
97,61.272,46.367999999999995,88.59599999999999,80.316,79.488,68.72399999999999,68.72399999999999,89.42399999999999,101.844
98,61.272,46.367999999999995,88.59599999999999,80.316,79.488,68.72399999999999,68.72399999999999,89.42399999999999,101.844
99,61.272,46.367999999999995,88.59599999999999,80.316,79.488,68.72399999999999,68.72399999999999,89.42399999999999,101.844
100,61.272,52.163999999999994,77.00399999999999,82.8,77.00399999999999,80.316,75.348,84.45599999999999,102.672
101,61.272,52.163999999999994,77.00399999999999,82.8,77.00399999999999,80.316,75.348,84.45599999999999,102.672
102,61.272,52.163999999999994,77.00399999999999,82.8,77.00399999999999,80.316,75.348,84.45599999999999,102.672
103,51.336,49.68,67.896,91.08,76.176,84.45599999999999,77.00399999999999,83.628,102.672
104,51.336,49.68,67.896,91.08,76.176,84.45599999999999,77.00399999999999,83.628,102.672
105,57.132,51.336,55.476,59.616,91.908,91.08,101.01599999999999,84.45599999999999,96.87599999999999
106,57.132,51.336,55.476,59.616,91.908,91.08,101.01599999999999,84.45599999999999,96.87599999999999
107,71.208,52.992,55.476,57.959999999999994,92.73599999999999,95.22,109.29599999999999,89.42399999999999,100.18799999999999
108,71.208,52.992,55.476,57.959999999999994,92.73599999999999,95.22,109.29599999999999,89.42399999999999,100.18799999999999
109,72.036,54.647999999999996,57.959999999999994,62.099999999999994,81.14399999999999,110.124,103.5,112.60799999999999,103.5
110,72.036,54.647999999999996,57.959999999999994,62.099999999999994,81.14399999999999,110.124,103.5,112.60799999999999,103.5
111,69.55199999999999,52.992,67.896,52.992,62.928,96.87599999999999,105.15599999999999,121.716,105.15599999999999
112,69.55199999999999,52.992,67.896,52.992,62.928,96.87599999999999,105.15599999999999,121.716,105.15599999999999
113,69.55199999999999,52.992,67.896,52.992,62.928,96.87599999999999,105.15599999999999,121.716,105.15599999999999
114,69.55199999999999,52.992,67.896,52.992,62.928,96.87599999999999,105.15599999999999,121.716,105.15599999999999
115,73.692,62.099999999999994,62.928,58.788,64.584,91.908,129.99599999999998,122.544,102.672
116,73.692,62.099999999999994,62.928,58.788,64.584,91.908,129.99599999999998,122.544,102.672
117,73.692,62.099999999999994,62.928,58.788,64.584,91.908,129.99599999999998,122.544,102.672
118,82.8,65.41199999999999,55.476,52.163999999999994,75.348,74.52,112.60799999999999,154.00799999999998,124.19999999999999
119,82.8,65.41199999999999,55.476,52.163999999999994,75.348,74.52,112.60799999999999,154.00799999999998,124.19999999999999
120,66.24,75.348,52.163999999999994,57.959999999999994,67.068,72.86399999999999,113.43599999999999,149.868,139.10399999999998
121,64.584,81.972,58.788,60.443999999999996,64.584,79.488,110.952,129.168,155.664
122,64.584,81.972,58.788,60.443999999999996,64.584,79.488,110.952,129.168,155.664
123,64.584,81.972,58.788,60.443999999999996,64.584,79.488,110.952,129.168,155.664
124,69.55199999999999,73.692,71.208,57.959999999999994,67.068,82.8,101.844,128.34,151.524
125,69.55199999999999,73.692,71.208,57.959999999999994,67.068,82.8,101.844,128.34,151.524
126,69.55199999999999,73.692,71.208,57.959999999999994,67.068,82.8,101.844,128.34,151.524
127,69.55199999999999,73.692,71.208,57.959999999999994,67.068,82.8,101.844,128.34,151.524
128,69.55199999999999,73.692,71.208,57.959999999999994,67.068,82.8,101.844,128.34,151.524
129,69.55199999999999,73.692,71.208,57.959999999999994,67.068,82.8,101.844,128.34,151.524
130,72.036,68.72399999999999,80.316,63.756,68.72399999999999,89.42399999999999,98.532,128.34,154.83599999999998
131,72.036,68.72399999999999,80.316,63.756,68.72399999999999,89.42399999999999,98.532,128.34,154.83599999999998
132,72.036,62.928,79.488,87.768,72.036,91.908,102.672,116.74799999999999,149.868
133,68.72399999999999,63.756,75.348,91.908,76.176,89.42399999999999,105.15599999999999,118.404,143.244
134,68.72399999999999,63.756,75.348,91.908,76.176,89.42399999999999,105.15599999999999,118.404,143.244
135,67.068,67.068,73.692,103.5,85.28399999999999,100.18799999999999,101.844,120.05999999999999,139.932
136,67.068,67.068,73.692,103.5,85.28399999999999,100.18799999999999,101.844,120.05999999999999,139.932
137,60.443999999999996,68.72399999999999,75.348,112.60799999999999,105.984,105.984,104.32799999999999,124.19999999999999,142.416
138,60.443999999999996,68.72399999999999,75.348,112.60799999999999,105.984,105.984,104.32799999999999,124.19999999999999,142.416
139,60.443999999999996,68.72399999999999,75.348,112.60799999999999,105.984,105.984,104.32799999999999,124.19999999999999,142.416
140,66.24,71.208,77.00399999999999,105.984,121.716,108.46799999999999,102.672,125.02799999999999,126.684
141,66.24,71.208,77.00399999999999,105.984,121.716,108.46799999999999,102.672,125.02799999999999,126.684
142,68.72399999999999,72.86399999999999,90.252,104.32799999999999,139.10399999999998,105.984,105.15599999999999,110.124,120.88799999999999
143,72.036,81.14399999999999,94.392,106.812,125.02799999999999,113.43599999999999,106.812,105.15599999999999,116.74799999999999
144,72.036,81.14399999999999,94.392,106.812,125.02799999999999,113.43599999999999,106.812,105.15599999999999,116.74799999999999
145,71.208,91.08,99.36,108.46799999999999,121.716,116.74799999999999,105.984,95.22,109.29599999999999
146,71.208,91.08,99.36,108.46799999999999,121.716,116.74799999999999,105.984,95.22,109.29599999999999
147,71.208,91.08,99.36,108.46799999999999,121.716,116.74799999999999,105.984,95.22,109.29599999999999
148,72.036,99.36,101.844,106.812,132.48,115.092,105.15599999999999,90.252,102.672
149,72.036,99.36,101.844,106.812,132.48,115.092,105.15599999999999,90.252,102.672
150,72.036,99.36,101.844,106.812,132.48,115.092,105.15599999999999,90.252,102.672
151,76.176,103.5,102.672,95.22,121.716,113.43599999999999,103.5,86.112,96.048
152,76.176,103.5,102.672,95.22,121.716,113.43599999999999,103.5,86.112,96.048
153,84.45599999999999,104.32799999999999,96.048,90.252,110.952,121.716,110.124,80.316,96.048
154,84.45599999999999,104.32799999999999,96.048,90.252,110.952,121.716,110.124,80.316,96.048
155,92.73599999999999,101.01599999999999,94.392,94.392,110.952,106.812,112.60799999999999,89.42399999999999,82.8
156,92.73599999999999,101.01599999999999,94.392,94.392,110.952,106.812,112.60799999999999,89.42399999999999,82.8
157,88.59599999999999,98.532,93.564,95.22,94.392,96.048,115.092,100.18799999999999,86.112
158,88.59599999999999,98.532,93.564,95.22,94.392,96.048,115.092,100.18799999999999,86.112
159,97.704,93.564,93.564,89.42399999999999,96.048,86.94,106.812,110.952,86.112
160,97.704,93.564,93.564,89.42399999999999,96.048,86.94,106.812,110.952,86.112
161,97.704,93.564,93.564,89.42399999999999,96.048,86.94,106.812,110.952,86.112
162,97.704,93.564,93.564,89.42399999999999,96.048,86.94,106.812,110.952,86.112
163,90.252,86.112,91.908,81.14399999999999,92.73599999999999,81.14399999999999,90.252,120.88799999999999,88.59599999999999
164,90.252,86.112,91.908,81.14399999999999,92.73599999999999,81.14399999999999,90.252,120.88799999999999,88.59599999999999
165,91.908,76.176,78.66,80.316,68.72399999999999,79.488,73.692,106.812,124.19999999999999
166,91.908,76.176,78.66,80.316,68.72399999999999,79.488,73.692,106.812,124.19999999999999
167,94.392,79.488,81.972,72.86399999999999,66.24,79.488,72.036,77.00399999999999,133.308
168,94.392,79.488,81.972,72.86399999999999,66.24,79.488,72.036,77.00399999999999,133.308
169,94.392,79.488,81.972,72.86399999999999,66.24,79.488,72.036,77.00399999999999,133.308
170,101.844,81.14399999999999,77.00399999999999,76.176,66.24,75.348,67.896,71.208,118.404
171,101.844,81.14399999999999,77.00399999999999,76.176,66.24,75.348,67.896,71.208,118.404
172,139.10399999999998,77.832,72.86399999999999,72.86399999999999,63.756,72.036,65.41199999999999,62.928,96.048
173,139.10399999999998,77.832,72.86399999999999,72.86399999999999,63.756,72.036,65.41199999999999,62.928,96.048
174,139.10399999999998,77.832,72.86399999999999,72.86399999999999,63.756,72.036,65.41199999999999,62.928,96.048
175,132.48,110.124,67.896,70.38,62.928,57.959999999999994,65.41199999999999,62.928,70.38
176,132.48,110.124,67.896,70.38,62.928,57.959999999999994,65.41199999999999,62.928,70.38
177,132.48,110.124,67.896,70.38,62.928,57.959999999999994,65.41199999999999,62.928,70.38
178,111.78,130.82399999999998,84.45599999999999,74.52,58.788,53.82,70.38,62.099999999999994,72.86399999999999
179,111.78,130.82399999999998,84.45599999999999,74.52,58.788,53.82,70.38,62.099999999999994,72.86399999999999
180,101.844,130.82399999999998,96.87599999999999,71.208,62.099999999999994,55.476,57.132,61.272,71.208
181,84.45599999999999,137.44799999999998,102.672,81.972,78.66,52.992,60.443999999999996,64.584,67.068
182,84.45599999999999,137.44799999999998,102.672,81.972,78.66,52.992,60.443999999999996,64.584,67.068
183,84.45599999999999,137.44799999999998,102.672,81.972,78.66,52.992,60.443999999999996,64.584,67.068
184,80.316,120.05999999999999,111.78,81.972,79.488,69.55199999999999,60.443999999999996,71.208,67.068
185,80.316,120.05999999999999,111.78,81.972,79.488,69.55199999999999,60.443999999999996,71.208,67.068
186,80.316,120.05999999999999,111.78,81.972,79.488,69.55199999999999,60.443999999999996,71.208,67.068
187,81.14399999999999,98.532,115.91999999999999,77.832,82.8,74.52,80.316,77.00399999999999,73.692
188,81.14399999999999,98.532,115.91999999999999,77.832,82.8,74.52,80.316,77.00399999999999,73.692
189,89.42399999999999,75.348,110.124,81.14399999999999,81.14399999999999,87.768,85.28399999999999,81.972,79.488
190,89.42399999999999,75.348,110.124,81.14399999999999,81.14399999999999,87.768,85.28399999999999,81.972,79.488
191,91.08,65.41199999999999,88.59599999999999,82.8,85.28399999999999,88.59599999999999,83.628,86.94,84.45599999999999
192,91.08,65.41199999999999,88.59599999999999,82.8,85.28399999999999,88.59599999999999,83.628,86.94,84.45599999999999
193,98.532,65.41199999999999,74.52,84.45599999999999,93.564,102.672,83.628,94.392,96.048
194,98.532,65.41199999999999,74.52,84.45599999999999,93.564,102.672,83.628,94.392,96.048
195,98.532,65.41199999999999,74.52,84.45599999999999,93.564,102.672,83.628,94.392,96.048
196,87.768,64.584,67.896,85.28399999999999,83.628,111.78,92.73599999999999,117.576,107.64
197,87.768,64.584,67.896,85.28399999999999,83.628,111.78,92.73599999999999,117.576,107.64
198,87.768,64.584,67.896,85.28399999999999,83.628,111.78,92.73599999999999,117.576,107.64
199,85.28399999999999,75.348,62.928,70.38,66.24,114.264,112.60799999999999,119.232,134.964
200,85.28399999999999,75.348,62.928,70.38,66.24,114.264,112.60799999999999,119.232,134.964
201,69.55199999999999,70.38,56.303999999999995,55.476,70.38,106.812,117.576,148.212,163.944
202,69.55199999999999,70.38,56.303999999999995,55.476,70.38,106.812,117.576,148.212,163.944
203,72.036,74.52,62.928,55.476,63.756,116.74799999999999,107.64,140.76,158.976
204,72.036,74.52,62.928,55.476,63.756,116.74799999999999,107.64,140.76,158.976
205,72.036,74.52,62.928,55.476,63.756,116.74799999999999,107.64,140.76,158.976
206,64.584,59.616,66.24,54.647999999999996,59.616,79.488,138.27599999999998,127.512,199.548
207,64.584,59.616,66.24,54.647999999999996,59.616,79.488,138.27599999999998,127.512,199.548
208,65.41199999999999,55.476,84.45599999999999,57.132,53.82,71.208,105.984,125.02799999999999,169.73999999999998
209,65.41199999999999,55.476,84.45599999999999,57.132,53.82,71.208,105.984,125.02799999999999,169.73999999999998
210,65.41199999999999,55.476,84.45599999999999,57.132,53.82,71.208,105.984,125.02799999999999,169.73999999999998
211,65.41199999999999,55.476,84.45599999999999,57.132,53.82,71.208,105.984,125.02799999999999,169.73999999999998
212,66.24,55.476,75.348,60.443999999999996,57.132,73.692,117.576,163.11599999999999,163.944
213,66.24,55.476,75.348,60.443999999999996,57.132,73.692,117.576,163.11599999999999,163.944
214,78.66,62.928,50.507999999999996,84.45599999999999,65.41199999999999,101.844,92.73599999999999,122.544,168.91199999999998
215,73.692,55.476,46.367999999999995,84.45599999999999,86.112,84.45599999999999,88.59599999999999,110.952,158.976
216,73.692,55.476,46.367999999999995,84.45599999999999,86.112,84.45599999999999,88.59599999999999,110.952,158.976
217,81.14399999999999,48.024,44.711999999999996,68.72399999999999,105.15599999999999,72.036,81.972,117.576,129.168
218,81.14399999999999,48.024,44.711999999999996,68.72399999999999,105.15599999999999,72.036,81.972,117.576,129.168
219,81.14399999999999,48.024,44.711999999999996,68.72399999999999,105.15599999999999,72.036,81.972,117.576,129.168
220,69.55199999999999,59.616,44.711999999999996,62.928,103.5,72.86399999999999,75.348,90.252,102.672
221,69.55199999999999,59.616,44.711999999999996,62.928,103.5,72.86399999999999,75.348,90.252,102.672
222,69.55199999999999,59.616,44.711999999999996,62.928,103.5,72.86399999999999,75.348,90.252,102.672
223,67.068,71.208,48.024,57.959999999999994,104.32799999999999,74.52,70.38,77.832,98.532
224,67.068,71.208,48.024,57.959999999999994,104.32799999999999,74.52,70.38,77.832,98.532
225,67.068,71.208,48.024,57.959999999999994,104.32799999999999,74.52,70.38,77.832,98.532
226,67.068,61.272,66.24,59.616,86.94,102.672,76.176,65.41199999999999,83.628
227,67.068,61.272,66.24,59.616,86.94,102.672,76.176,65.41199999999999,83.628
228,62.099999999999994,60.443999999999996,81.14399999999999,57.959999999999994,79.488,99.36,104.32799999999999,69.55199999999999,80.316
229,61.272,61.272,86.112,62.928,73.692,82.8,97.704,83.628,73.692
230,61.272,61.272,86.112,62.928,73.692,82.8,97.704,83.628,73.692
231,59.616,61.272,81.14399999999999,67.896,67.068,76.176,96.048,96.048,77.00399999999999
232,59.616,61.272,81.14399999999999,67.896,67.068,76.176,96.048,96.048,77.00399999999999
233,59.616,61.272,81.14399999999999,67.896,67.068,76.176,96.048,96.048,77.00399999999999
234,59.616,61.272,81.14399999999999,67.896,67.068,76.176,96.048,96.048,77.00399999999999
235,68.72399999999999,63.756,74.52,76.176,62.099999999999994,72.036,86.94,96.048,82.8
236,68.72399999999999,63.756,74.52,76.176,62.099999999999994,72.036,86.94,96.048,82.8
237,72.036,68.72399999999999,73.692,88.59599999999999,57.132,62.099999999999994,81.972,89.42399999999999,114.264
238,72.036,68.72399999999999,73.692,88.59599999999999,57.132,62.099999999999994,81.972,89.42399999999999,114.264
239,81.14399999999999,67.896,74.52,86.112,56.303999999999995,56.303999999999995,72.036,83.628,106.812
240,81.14399999999999,67.896,74.52,86.112,56.303999999999995,56.303999999999995,72.036,83.628,106.812
241,81.14399999999999,67.896,74.52,86.112,56.303999999999995,56.303999999999995,72.036,83.628,106.812
242,81.14399999999999,65.41199999999999,68.72399999999999,82.8,68.72399999999999,57.959999999999994,67.068,79.488,106.812
243,81.14399999999999,65.41199999999999,68.72399999999999,82.8,68.72399999999999,57.959999999999994,67.068,79.488,106.812
244,84.45599999999999,89.42399999999999,62.928,70.38,77.00399999999999,58.788,64.584,80.316,99.36
245,84.45599999999999,89.42399999999999,62.928,70.38,77.00399999999999,58.788,64.584,80.316,99.36
246,84.45599999999999,89.42399999999999,62.928,70.38,77.00399999999999,58.788,64.584,80.316,99.36
247,77.00399999999999,101.844,62.099999999999994,62.099999999999994,89.42399999999999,57.132,67.068,82.8,96.87599999999999
248,77.00399999999999,101.844,62.099999999999994,62.099999999999994,89.42399999999999,57.132,67.068,82.8,96.87599999999999
249,74.52,86.112,78.66,54.647999999999996,74.52,81.14399999999999,67.068,73.692,86.94
250,74.52,86.112,78.66,54.647999999999996,74.52,81.14399999999999,67.068,73.692,86.94
251,81.972,81.972,93.564,65.41199999999999,67.896,83.628,66.24,73.692,88.59599999999999
252,81.972,81.972,93.564,65.41199999999999,67.896,83.628,66.24,73.692,88.59599999999999
253,86.94,62.928,82.8,76.176,57.959999999999994,79.488,72.86399999999999,72.86399999999999,95.22
254,86.94,62.928,82.8,76.176,57.959999999999994,79.488,72.86399999999999,72.86399999999999,95.22
255,73.692,58.788,91.08,86.94,62.099999999999994,75.348,93.564,72.036,92.73599999999999
256,73.692,58.788,91.08,86.94,62.099999999999994,75.348,93.564,72.036,92.73599999999999
257,73.692,58.788,91.08,86.94,62.099999999999994,75.348,93.564,72.036,92.73599999999999
258,73.692,58.788,91.08,86.94,62.099999999999994,75.348,93.564,72.036,92.73599999999999
259,64.584,54.647999999999996,70.38,99.36,70.38,66.24,99.36,70.38,87.768
260,64.584,54.647999999999996,70.38,99.36,70.38,66.24,99.36,70.38,87.768
261,64.584,54.647999999999996,70.38,99.36,70.38,66.24,99.36,70.38,87.768
262,63.756,68.72399999999999,53.82,101.01599999999999,91.908,79.488,96.048,90.252,72.86399999999999
263,63.756,68.72399999999999,53.82,101.01599999999999,91.908,79.488,96.048,90.252,72.86399999999999
264,74.52,60.443999999999996,69.55199999999999,81.972,105.984,91.08,91.908,91.908,69.55199999999999
265,74.52,60.443999999999996,69.55199999999999,81.972,105.984,91.08,91.908,91.908,69.55199999999999
266,67.068,54.647999999999996,58.788,68.72399999999999,100.18799999999999,101.844,86.112,94.392,73.692
267,67.068,54.647999999999996,58.788,68.72399999999999,100.18799999999999,101.844,86.112,94.392,73.692
268,75.348,62.928,59.616,62.099999999999994,86.112,113.43599999999999,77.00399999999999,84.45599999999999,80.316
269,75.348,62.928,59.616,62.099999999999994,86.112,113.43599999999999,77.00399999999999,84.45599999999999,80.316
270,75.348,62.928,59.616,62.099999999999994,86.112,113.43599999999999,77.00399999999999,84.45599999999999,80.316
271,77.832,60.443999999999996,57.132,68.72399999999999,85.28399999999999,100.18799999999999,101.844,79.488,78.66
272,77.832,60.443999999999996,57.132,68.72399999999999,85.28399999999999,100.18799999999999,101.844,79.488,78.66
273,73.692,68.72399999999999,58.788,71.208,74.52,95.22,108.46799999999999,85.28399999999999,75.348
274,73.692,68.72399999999999,58.788,71.208,74.52,95.22,108.46799999999999,85.28399999999999,75.348
275,75.348,74.52,74.52,75.348,67.896,81.972,103.5,86.94,73.692
276,75.348,74.52,74.52,75.348,67.896,81.972,103.5,86.94,73.692
277,85.28399999999999,62.928,75.348,75.348,61.272,86.112,100.18799999999999,95.22,79.488
278,85.28399999999999,62.928,75.348,75.348,61.272,86.112,100.18799999999999,95.22,79.488
279,85.28399999999999,62.928,75.348,75.348,61.272,86.112,100.18799999999999,95.22,79.488
280,86.112,67.896,79.488,72.036,64.584,70.38,93.564,83.628,86.112
281,86.112,67.896,79.488,72.036,64.584,70.38,93.564,83.628,86.112
282,86.112,67.896,79.488,72.036,64.584,70.38,93.564,83.628,86.112
283,78.66,77.832,82.8,71.208,72.036,56.303999999999995,78.66,95.22,90.252
284,78.66,77.832,82.8,71.208,72.036,56.303999999999995,78.66,95.22,90.252
285,78.66,82.8,71.208,82.8,62.928,54.647999999999996,67.896,74.52,81.14399999999999
286,78.66,82.8,71.208,82.8,62.928,54.647999999999996,67.896,74.52,81.14399999999999
287,74.52,85.28399999999999,91.08,72.86399999999999,71.208,70.38,55.476,62.099999999999994,86.112
288,74.52,85.28399999999999,91.08,72.86399999999999,71.208,70.38,55.476,62.099999999999994,86.112
289,75.348,82.8,89.42399999999999,72.036,74.52,66.24,56.303999999999995,61.272,79.488
290,75.348,82.8,89.42399999999999,72.036,74.52,66.24,56.303999999999995,61.272,79.488
291,88.59599999999999,72.036,80.316,74.52,72.86399999999999,60.443999999999996,57.959999999999994,57.132,77.00399999999999
292,88.59599999999999,72.036,80.316,74.52,72.86399999999999,60.443999999999996,57.959999999999994,57.132,77.00399999999999
293,88.59599999999999,72.036,80.316,74.52,72.86399999999999,60.443999999999996,57.959999999999994,57.132,77.00399999999999
294,88.59599999999999,72.036,80.316,74.52,72.86399999999999,60.443999999999996,57.959999999999994,57.132,77.00399999999999
295,103.5,64.584,77.00399999999999,81.972,69.55199999999999,66.24,68.72399999999999,53.82,69.55199999999999
296,103.5,64.584,77.00399999999999,81.972,69.55199999999999,66.24,68.72399999999999,53.82,69.55199999999999
297,95.22,88.59599999999999,61.272,64.584,72.86399999999999,59.616,59.616,56.303999999999995,60.443999999999996
298,95.22,88.59599999999999,61.272,64.584,72.86399999999999,59.616,59.616,56.303999999999995,60.443999999999996
299,86.94,108.46799999999999,65.41199999999999,63.756,67.896,58.788,73.692,63.756,60.443999999999996
300,86.94,108.46799999999999,65.41199999999999,63.756,67.896,58.788,73.692,63.756,60.443999999999996
301,88.59599999999999,102.672,91.08,61.272,60.443999999999996,63.756,68.72399999999999,60.443999999999996,57.959999999999994
302,88.59599999999999,102.672,91.08,61.272,60.443999999999996,63.756,68.72399999999999,60.443999999999996,57.959999999999994
303,81.14399999999999,95.22,96.048,65.41199999999999,63.756,59.616,65.41199999999999,67.068,65.41199999999999
304,81.14399999999999,95.22,96.048,65.41199999999999,63.756,59.616,65.41199999999999,67.068,65.41199999999999
305,81.14399999999999,95.22,96.048,65.41199999999999,63.756,59.616,65.41199999999999,67.068,65.41199999999999
306,81.14399999999999,95.22,96.048,65.41199999999999,63.756,59.616,65.41199999999999,67.068,65.41199999999999
307,77.00399999999999,77.00399999999999,91.08,77.00399999999999,60.443999999999996,63.756,69.55199999999999,67.068,70.38
308,77.00399999999999,77.00399999999999,91.08,77.00399999999999,60.443999999999996,63.756,69.55199999999999,67.068,70.38
309,71.208,77.00399999999999,80.316,72.036,80.316,56.303999999999995,67.068,67.896,93.564
310,71.208,77.00399999999999,80.316,72.036,80.316,56.303999999999995,67.068,67.896,93.564
311,57.959999999999994,71.208,76.176,63.756,90.252,76.176,62.928,77.832,94.392
312,57.959999999999994,71.208,76.176,63.756,90.252,76.176,62.928,77.832,94.392
313,63.756,63.756,63.756,72.86399999999999,72.86399999999999,85.28399999999999,63.756,86.112,95.22
314,63.756,63.756,63.756,72.86399999999999,72.86399999999999,85.28399999999999,63.756,86.112,95.22
315,66.24,61.272,53.82,72.036,73.692,72.86399999999999,81.14399999999999,74.52,104.32799999999999
316,66.24,61.272,53.82,72.036,73.692,72.86399999999999,81.14399999999999,74.52,104.32799999999999
317,66.24,61.272,53.82,72.036,73.692,72.86399999999999,81.14399999999999,74.52,104.32799999999999
318,66.24,61.272,53.82,72.036,73.692,72.86399999999999,81.14399999999999,74.52,104.32799999999999
319,67.068,60.443999999999996,57.959999999999994,59.616,78.66,78.66,92.73599999999999,80.316,105.984
320,67.068,60.443999999999996,57.959999999999994,59.616,78.66,78.66,92.73599999999999,80.316,105.984
321,67.068,54.647999999999996,48.852,54.647999999999996,66.24,73.692,94.392,121.716,129.168
322,67.068,54.647999999999996,48.852,54.647999999999996,66.24,73.692,94.392,121.716,129.168
323,56.303999999999995,55.476,48.024,49.68,52.992,77.00399999999999,86.94,120.88799999999999,129.168
324,56.303999999999995,55.476,48.024,49.68,52.992,77.00399999999999,86.94,120.88799999999999,129.168
325,61.272,48.024,52.992,62.928,54.647999999999996,73.692,90.252,120.88799999999999,149.04
326,61.272,48.024,52.992,62.928,54.647999999999996,73.692,90.252,120.88799999999999,149.04
327,59.616,45.54,49.68,52.992,56.303999999999995,67.068,92.73599999999999,131.652,167.256
328,59.616,45.54,49.68,52.992,56.303999999999995,67.068,92.73599999999999,131.652,167.256
329,59.616,45.54,49.68,52.992,56.303999999999995,67.068,92.73599999999999,131.652,167.256
330,59.616,45.54,49.68,52.992,56.303999999999995,67.068,92.73599999999999,131.652,167.256
331,54.647999999999996,51.336,47.196,43.884,57.959999999999994,62.928,102.672,134.136,160.632
332,54.647999999999996,51.336,47.196,43.884,57.959999999999994,62.928,102.672,134.136,160.632
333,52.163999999999994,43.884,37.26,52.163999999999994,64.584,77.832,105.984,123.372,165.6
334,52.163999999999994,43.884,37.26,52.163999999999994,64.584,77.832,105.984,123.372,165.6
335,64.584,42.227999999999994,39.744,50.507999999999996,62.928,86.112,102.672,127.512,127.512
336,64.584,42.227999999999994,39.744,50.507999999999996,62.928,86.112,102.672,127.512,127.512
337,68.72399999999999,41.4,40.571999999999996,54.647999999999996,61.272,101.01599999999999,97.704,135.792,143.244
338,68.72399999999999,41.4,40.571999999999996,54.647999999999996,61.272,101.01599999999999,97.704,135.792,143.244
339,65.41199999999999,39.744,50.507999999999996,55.476,65.41199999999999,106.812,96.87599999999999,121.716,148.212
340,65.41199999999999,39.744,50.507999999999996,55.476,65.41199999999999,106.812,96.87599999999999,121.716,148.212
341,65.41199999999999,39.744,50.507999999999996,55.476,65.41199999999999,106.812,96.87599999999999,121.716,148.212
342,65.41199999999999,39.744,50.507999999999996,55.476,65.41199999999999,106.812,96.87599999999999,121.716,148.212
343,70.38,39.744,53.82,51.336,79.488,110.124,97.704,118.404,139.10399999999998
344,70.38,39.744,53.82,51.336,79.488,110.124,97.704,118.404,139.10399999999998
345,61.272,55.476,49.68,52.992,102.672,98.532,116.74799999999999,102.672,119.232
346,61.272,55.476,49.68,52.992,102.672,98.532,116.74799999999999,102.672,119.232
347,63.756,59.616,48.024,59.616,91.08,96.87599999999999,127.512,105.15599999999999,111.78
348,63.756,59.616,48.024,59.616,91.08,96.87599999999999,127.512,105.15599999999999,111.78
349,58.788,63.756,56.303999999999995,69.55199999999999,93.564,96.87599999999999,116.74799999999999,99.36,94.392
350,58.788,63.756,56.303999999999995,69.55199999999999,93.564,96.87599999999999,116.74799999999999,99.36,94.392
351,55.476,68.72399999999999,75.348,76.176,93.564,90.252,120.05999999999999,100.18799999999999,86.112
352,55.476,68.72399999999999,75.348,76.176,93.564,90.252,120.05999999999999,100.18799999999999,86.112
353,55.476,68.72399999999999,75.348,76.176,93.564,90.252,120.05999999999999,100.18799999999999,86.112
354,55.476,68.72399999999999,75.348,76.176,93.564,90.252,120.05999999999999,100.18799999999999,86.112
355,52.992,72.86399999999999,88.59599999999999,77.00399999999999,94.392,84.45599999999999,103.5,93.564,91.08
356,52.992,72.86399999999999,88.59599999999999,77.00399999999999,94.392,84.45599999999999,103.5,93.564,91.08
357,56.303999999999995,67.896,101.844,81.972,81.972,91.908,85.28399999999999,81.972,82.8
358,56.303999999999995,67.896,101.844,81.972,81.972,91.908,85.28399999999999,81.972,82.8
359,65.41199999999999,68.72399999999999,98.532,82.8,76.176,83.628,78.66,72.036,84.45599999999999
360,65.41199999999999,68.72399999999999,98.532,82.8,76.176,83.628,78.66,72.036,84.45599999999999
361,65.41199999999999,68.72399999999999,98.532,82.8,76.176,83.628,78.66,72.036,84.45599999999999
362,76.176,70.38,105.15599999999999,90.252,67.896,82.8,75.348,70.38,79.488
363,76.176,70.38,105.15599999999999,90.252,67.896,82.8,75.348,70.38,79.488
364,82.8,71.208,109.29599999999999,89.42399999999999,63.756,72.036,72.86399999999999,68.72399999999999,88.59599999999999
365,82.8,71.208,109.29599999999999,89.42399999999999,63.756,72.036,72.86399999999999,68.72399999999999,88.59599999999999
366,82.8,71.208,109.29599999999999,89.42399999999999,63.756,72.036,72.86399999999999,68.72399999999999,88.59599999999999
367,92.73599999999999,77.00399999999999,98.532,91.08,60.443999999999996,65.41199999999999,74.52,67.068,77.832
368,92.73599999999999,77.00399999999999,98.532,91.08,60.443999999999996,65.41199999999999,74.52,67.068,77.832
369,93.564,80.316,92.73599999999999,105.984,67.896,59.616,72.036,63.756,76.176
370,130.82399999999998,85.28399999999999,74.52,104.32799999999999,84.45599999999999,56.303999999999995,65.41199999999999,62.928,72.86399999999999
371,130.82399999999998,85.28399999999999,74.52,104.32799999999999,84.45599999999999,56.303999999999995,65.41199999999999,62.928,72.86399999999999
372,125.02799999999999,74.52,76.176,91.908,95.22,55.476,57.959999999999994,62.099999999999994,68.72399999999999
373,125.02799999999999,74.52,76.176,91.908,95.22,55.476,57.959999999999994,62.099999999999994,68.72399999999999
374,90.252,147.384,68.72399999999999,80.316,91.908,61.272,59.616,59.616,63.756
375,90.252,147.384,68.72399999999999,80.316,91.908,61.272,59.616,59.616,63.756
376,90.252,147.384,68.72399999999999,80.316,91.908,61.272,59.616,59.616,63.756
377,65.41199999999999,92.73599999999999,77.832,72.036,83.628,71.208,56.303999999999995,55.476,62.099999999999994
378,65.41199999999999,92.73599999999999,77.832,72.036,83.628,71.208,56.303999999999995,55.476,62.099999999999994
379,48.852,70.38,79.488,84.45599999999999,83.628,85.28399999999999,57.132,54.647999999999996,61.272
380,48.024,54.647999999999996,81.14399999999999,149.868,91.08,82.8,83.628,61.272,67.068
381,48.024,54.647999999999996,81.14399999999999,149.868,91.08,82.8,83.628,61.272,67.068
382,49.68,54.647999999999996,63.756,89.42399999999999,100.18799999999999,94.392,94.392,72.036,67.068
383,49.68,54.647999999999996,63.756,89.42399999999999,100.18799999999999,94.392,94.392,72.036,67.068
384,51.336,44.711999999999996,57.132,91.908,154.00799999999998,81.14399999999999,86.112,102.672,77.00399999999999
385,51.336,44.711999999999996,57.132,91.908,154.00799999999998,81.14399999999999,86.112,102.672,77.00399999999999
386,51.336,44.711999999999996,57.132,91.908,154.00799999999998,81.14399999999999,86.112,102.672,77.00399999999999
387,43.056,41.4,50.507999999999996,68.72399999999999,93.564,145.72799999999998,90.252,98.532,96.048
388,43.056,41.4,50.507999999999996,68.72399999999999,93.564,145.72799999999998,90.252,98.532,96.048
389,60.443999999999996,36.431999999999995,46.367999999999995,57.132,92.73599999999999,117.576,114.264,105.984,97.704
390,61.272,41.4,39.744,45.54,66.24,101.01599999999999,111.78,121.716,118.404
391,72.86399999999999,40.571999999999996,38.088,43.056,51.336,72.86399999999999,100.18799999999999,96.87599999999999,120.05999999999999
392,72.86399999999999,40.571999999999996,38.088,43.056,51.336,72.86399999999999,100.18799999999999,96.87599999999999,120.05999999999999
393,72.86399999999999,40.571999999999996,38.088,43.056,51.336,72.86399999999999,100.18799999999999,96.87599999999999,120.05999999999999
394,80.316,53.82,40.571999999999996,40.571999999999996,44.711999999999996,67.068,115.91999999999999,107.64,103.5
395,80.316,53.82,40.571999999999996,40.571999999999996,44.711999999999996,67.068,115.91999999999999,107.64,103.5
396,80.316,53.82,40.571999999999996,40.571999999999996,44.711999999999996,67.068,115.91999999999999,107.64,103.5
397,59.616,53.82,35.604,34.775999999999996,43.884,62.928,77.832,124.19999999999999,96.048
398,59.616,53.82,35.604,34.775999999999996,43.884,62.928,77.832,124.19999999999999,96.048
399,53.82,68.72399999999999,43.884,38.088,45.54,56.303999999999995,73.692,121.716,128.34
400,53.82,62.928,38.088,38.088,38.916,49.68,77.00399999999999,112.60799999999999,122.544
401,53.82,62.928,38.088,38.088,38.916,49.68,77.00399999999999,112.60799999999999,122.544
402,57.132,55.476,50.507999999999996,38.916,38.916,50.507999999999996,71.208,93.564,115.092
403,57.132,55.476,50.507999999999996,38.916,38.916,50.507999999999996,71.208,93.564,115.092
404,55.476,49.68,52.163999999999994,37.26,41.4,54.647999999999996,71.208,91.08,95.22
405,55.476,49.68,52.163999999999994,37.26,41.4,54.647999999999996,71.208,91.08,95.22
406,55.476,49.68,52.163999999999994,37.26,41.4,54.647999999999996,71.208,91.08,95.22
407,49.68,47.196,55.476,40.571999999999996,41.4,51.336,72.86399999999999,92.73599999999999,113.43599999999999
408,49.68,47.196,55.476,40.571999999999996,41.4,51.336,72.86399999999999,92.73599999999999,113.43599999999999
409,51.336,54.647999999999996,48.852,50.507999999999996,41.4,54.647999999999996,75.348,94.392,115.092
410,52.163999999999994,47.196,46.367999999999995,56.303999999999995,46.367999999999995,54.647999999999996,77.832,96.048,115.092
411,52.163999999999994,47.196,46.367999999999995,56.303999999999995,46.367999999999995,54.647999999999996,77.832,96.048,115.092
412,57.959999999999994,49.68,47.196,51.336,57.132,57.132,80.316,96.048,109.29599999999999
413,57.959999999999994,49.68,47.196,51.336,57.132,57.132,80.316,96.048,109.29599999999999
414,62.928,48.024,52.163999999999994,49.68,81.972,66.24,87.768,93.564,105.984
415,62.928,48.024,52.163999999999994,49.68,81.972,66.24,87.768,93.564,105.984
416,62.928,48.024,52.163999999999994,49.68,81.972,66.24,87.768,93.564,105.984
417,62.928,48.024,52.163999999999994,49.68,81.972,66.24,87.768,93.564,105.984
418,67.068,46.367999999999995,52.163999999999994,48.852,85.28399999999999,73.692,92.73599999999999,106.812,120.05999999999999
419,67.068,46.367999999999995,52.163999999999994,48.852,85.28399999999999,73.692,92.73599999999999,106.812,120.05999999999999
420,71.208,48.024,42.227999999999994,48.024,74.52,114.264,93.564,86.112,100.18799999999999
421,72.86399999999999,54.647999999999996,41.4,55.476,70.38,120.88799999999999,117.576,98.532,96.048
422,65.41199999999999,57.132,48.024,59.616,66.24,114.264,104.32799999999999,113.43599999999999,91.908
423,65.41199999999999,57.132,48.024,59.616,66.24,114.264,104.32799999999999,113.43599999999999,91.908
424,58.788,64.584,54.647999999999996,61.272,64.584,114.264,117.576,93.564,87.768
425,58.788,64.584,54.647999999999996,61.272,64.584,114.264,117.576,93.564,87.768
426,58.788,64.584,54.647999999999996,61.272,64.584,114.264,117.576,93.564,87.768
427,58.788,64.584,54.647999999999996,61.272,64.584,114.264,117.576,93.564,87.768
428,57.132,62.928,65.41199999999999,64.584,71.208,94.392,116.74799999999999,101.844,85.28399999999999
429,57.132,62.928,65.41199999999999,64.584,71.208,94.392,116.74799999999999,101.844,85.28399999999999
430,59.616,52.992,79.488,70.38,96.87599999999999,85.28399999999999,136.62,97.704,86.94
431,58.788,50.507999999999996,76.176,80.316,101.01599999999999,84.45599999999999,110.952,102.672,81.972
432,52.163999999999994,46.367999999999995,80.316,112.60799999999999,108.46799999999999,84.45599999999999,103.5,110.952,91.08
433,52.163999999999994,46.367999999999995,80.316,112.60799999999999,108.46799999999999,84.45599999999999,103.5,110.952,91.08
434,49.68,53.82,66.24,110.952,103.5,84.45599999999999,96.048,86.112,105.15599999999999
435,49.68,53.82,66.24,110.952,103.5,84.45599999999999,96.048,86.112,105.15599999999999
436,49.68,53.82,66.24,110.952,103.5,84.45599999999999,96.048,86.112,105.15599999999999
437,57.132,54.647999999999996,62.928,115.91999999999999,97.704,91.908,90.252,96.048,114.264
438,57.132,54.647999999999996,62.928,115.91999999999999,97.704,91.908,90.252,96.048,114.264
439,66.24,53.82,63.756,114.264,110.952,89.42399999999999,87.768,89.42399999999999,96.048
440,60.443999999999996,52.163999999999994,65.41199999999999,87.768,136.62,103.5,90.252,84.45599999999999,96.048
441,60.443999999999996,52.163999999999994,65.41199999999999,87.768,136.62,103.5,90.252,84.45599999999999,96.048
442,54.647999999999996,57.132,66.24,76.176,146.55599999999998,111.78,90.252,79.488,91.908
443,54.647999999999996,57.132,66.24,76.176,146.55599999999998,111.78,90.252,79.488,91.908
444,56.303999999999995,71.208,80.316,60.443999999999996,87.768,129.168,114.264,75.348,93.564
445,56.303999999999995,71.208,80.316,60.443999999999996,87.768,129.168,114.264,75.348,93.564
446,56.303999999999995,71.208,80.316,60.443999999999996,87.768,129.168,114.264,75.348,93.564
447,56.303999999999995,82.8,73.692,55.476,69.55199999999999,77.00399999999999,131.652,83.628,91.08
448,56.303999999999995,82.8,73.692,55.476,69.55199999999999,77.00399999999999,131.652,83.628,91.08
449,52.992,81.972,66.24,54.647999999999996,57.959999999999994,88.59599999999999,149.868,101.844,101.01599999999999
450,68.72399999999999,77.00399999999999,65.41199999999999,62.099999999999994,56.303999999999995,72.036,120.05999999999999,155.664,111.78
451,68.72399999999999,77.00399999999999,65.41199999999999,62.099999999999994,56.303999999999995,72.036,120.05999999999999,155.664,111.78
452,79.488,73.692,71.208,63.756,52.163999999999994,58.788,105.15599999999999,125.02799999999999,177.19199999999998
453,79.488,73.692,71.208,63.756,52.163999999999994,58.788,105.15599999999999,125.02799999999999,177.19199999999998
454,78.66,56.303999999999995,68.72399999999999,60.443999999999996,51.336,53.82,89.42399999999999,125.02799999999999,169.73999999999998
455,78.66,56.303999999999995,68.72399999999999,60.443999999999996,51.336,53.82,89.42399999999999,125.02799999999999,169.73999999999998
456,78.66,56.303999999999995,68.72399999999999,60.443999999999996,51.336,53.82,89.42399999999999,125.02799999999999,169.73999999999998
457,87.768,49.68,71.208,59.616,53.82,54.647999999999996,72.036,130.82399999999998,153.17999999999998
458,87.768,49.68,71.208,59.616,53.82,54.647999999999996,72.036,130.82399999999998,153.17999999999998
459,89.42399999999999,54.647999999999996,63.756,62.928,54.647999999999996,51.336,72.86399999999999,93.564,159.804
460,82.8,72.036,59.616,61.272,67.896,49.68,67.068,88.59599999999999,108.46799999999999
461,82.8,72.036,59.616,61.272,67.896,49.68,67.068,88.59599999999999,108.46799999999999
462,81.14399999999999,86.94,52.992,52.992,67.068,55.476,62.099999999999994,81.972,115.91999999999999
463,81.14399999999999,86.94,52.992,52.992,67.068,55.476,62.099999999999994,81.972,115.91999999999999
464,70.38,82.8,48.852,52.163999999999994,69.55199999999999,67.896,63.756,85.28399999999999,126.684
465,70.38,82.8,48.852,52.163999999999994,69.55199999999999,67.896,63.756,85.28399999999999,126.684
466,70.38,82.8,48.852,52.163999999999994,69.55199999999999,67.896,63.756,85.28399999999999,126.684
467,66.24,66.24,61.272,52.163999999999994,68.72399999999999,83.628,70.38,87.768,119.232
468,66.24,66.24,61.272,52.163999999999994,68.72399999999999,83.628,70.38,87.768,119.232
469,63.756,67.896,58.788,54.647999999999996,67.896,84.45599999999999,77.832,88.59599999999999,116.74799999999999
470,67.068,67.896,57.132,62.928,67.896,83.628,83.628,94.392,116.74799999999999
471,67.068,67.896,57.132,62.928,67.896,83.628,83.628,94.392,116.74799999999999
472,71.208,56.303999999999995,57.959999999999994,69.55199999999999,68.72399999999999,83.628,94.392,98.532,115.91999999999999
473,71.208,56.303999999999995,57.959999999999994,69.55199999999999,68.72399999999999,83.628,94.392,98.532,115.91999999999999
474,70.38,53.82,55.476,75.348,69.55199999999999,90.252,101.01599999999999,105.15599999999999,115.91999999999999
475,70.38,53.82,55.476,75.348,69.55199999999999,90.252,101.01599999999999,105.15599999999999,115.91999999999999
476,70.38,53.82,55.476,75.348,69.55199999999999,90.252,101.01599999999999,105.15599999999999,115.91999999999999
477,70.38,53.82,55.476,75.348,69.55199999999999,90.252,101.01599999999999,105.15599999999999,115.91999999999999
478,77.00399999999999,53.82,54.647999999999996,72.86399999999999,81.14399999999999,105.15599999999999,111.78,110.124,125.02799999999999
479,77.00399999999999,53.82,54.647999999999996,72.86399999999999,81.14399999999999,105.15599999999999,111.78,110.124,125.02799999999999
480,78.66,48.852,57.132,68.72399999999999,90.252,107.64,121.716,121.716,120.05999999999999
481,73.692,52.163999999999994,60.443999999999996,79.488,105.984,110.952,128.34,117.576,115.91999999999999
482,63.756,62.928,62.099999999999994,96.87599999999999,93.564,126.684,147.384,121.716,118.404
483,63.756,62.928,62.099999999999994,96.87599999999999,93.564,126.684,147.384,121.716,118.404
484,62.099999999999994,77.832,62.099999999999994,79.488,86.94,144.072,158.148,127.512,110.124
485,62.099999999999994,77.832,62.099999999999994,79.488,86.94,144.072,158.148,127.512,110.124
486,62.099999999999994,77.832,62.099999999999994,79.488,86.94,144.072,158.148,127.512,110.124
487,62.099999999999994,77.832,62.099999999999994,79.488,86.94,144.072,158.148,127.512,110.124
488,67.896,69.55199999999999,62.928,67.896,98.532,151.524,153.17999999999998,125.02799999999999,101.844
489,67.896,69.55199999999999,62.928,67.896,98.532,151.524,153.17999999999998,125.02799999999999,101.844
490,72.86399999999999,64.584,63.756,71.208,99.36,106.812,185.47199999999998,166.428,99.36
491,69.55199999999999,70.38,75.348,67.896,101.844,87.768,139.10399999999998,189.612,155.664
492,91.08,76.176,87.768,68.72399999999999,98.532,82.8,104.32799999999999,143.244,174.708
493,91.08,76.176,87.768,68.72399999999999,98.532,82.8,104.32799999999999,143.244,174.708
494,113.43599999999999,86.112,83.628,67.896,84.45599999999999,79.488,87.768,121.716,197.892
495,113.43599999999999,86.112,83.628,67.896,84.45599999999999,79.488,87.768,121.716,197.892
496,113.43599999999999,86.112,83.628,67.896,84.45599999999999,79.488,87.768,121.716,197.892
497,119.232,96.048,85.28399999999999,76.176,70.38,79.488,77.00399999999999,96.87599999999999,155.664
498,119.232,96.048,85.28399999999999,76.176,70.38,79.488,77.00399999999999,96.87599999999999,155.664
499,117.576,107.64,99.36,79.488,65.41199999999999,76.176,67.068,86.94,110.952
500,84.45599999999999,103.5,99.36,92.73599999999999,57.959999999999994,66.24,72.036,81.972,94.392
501,84.45599999999999,103.5,99.36,92.73599999999999,57.959999999999994,66.24,72.036,81.972,94.392
502,84.45599999999999,105.984,97.704,84.45599999999999,59.616,63.756,79.488,67.896,85.28399999999999
503,84.45599999999999,105.984,97.704,84.45599999999999,59.616,63.756,79.488,67.896,85.28399999999999
504,77.832,129.168,96.048,97.704,72.036,51.336,73.692,63.756,83.628
505,77.832,129.168,96.048,97.704,72.036,51.336,73.692,63.756,83.628
506,77.832,129.168,96.048,97.704,72.036,51.336,73.692,63.756,83.628
507,77.832,129.168,96.048,97.704,72.036,51.336,73.692,63.756,83.628
508,77.00399999999999,119.232,105.984,89.42399999999999,80.316,52.992,68.72399999999999,67.896,78.66
509,77.00399999999999,119.232,105.984,89.42399999999999,80.316,52.992,68.72399999999999,67.896,78.66
510,82.8,91.08,92.73599999999999,95.22,89.42399999999999,56.303999999999995,61.272,70.38,81.972
511,84.45599999999999,91.08,95.22,93.564,91.08,62.928,61.272,66.24,81.14399999999999
512,83.628,86.112,87.768,93.564,91.908,84.45599999999999,58.788,67.068,77.832
513,83.628,86.112,87.768,93.564,91.908,84.45599999999999,58.788,67.068,77.832
514,78.66,77.00399999999999,82.8,74.52,43.056,100.18799999999999,69.55199999999999,72.86399999999999,82.8
515,78.66,77.00399999999999,82.8,74.52,43.056,100.18799999999999,69.55199999999999,72.86399999999999,82.8
516,78.66,77.00399999999999,82.8,74.52,43.056,100.18799999999999,69.55199999999999,72.86399999999999,82.8
517,75.348,67.068,79.488,62.928,81.972,101.844,90.252,71.208,88.59599999999999
518,75.348,67.068,79.488,62.928,81.972,101.844,90.252,71.208,88.59599999999999
519,72.86399999999999,63.756,55.476,56.303999999999995,70.38,82.8,115.91999999999999,81.972,96.048
520,70.38,59.616,53.82,60.443999999999996,69.55199999999999,79.488,104.32799999999999,123.372,105.984
521,70.38,59.616,53.82,60.443999999999996,69.55199999999999,79.488,104.32799999999999,123.372,105.984
522,69.55199999999999,51.336,46.367999999999995,54.647999999999996,68.72399999999999,77.00399999999999,101.844,129.99599999999998,120.88799999999999
523,69.55199999999999,51.336,46.367999999999995,54.647999999999996,68.72399999999999,77.00399999999999,101.844,129.99599999999998,120.88799999999999
524,77.00399999999999,48.024,45.54,53.82,72.036,78.66,101.01599999999999,139.932,145.72799999999998
525,77.00399999999999,48.024,45.54,53.82,72.036,78.66,101.01599999999999,139.932,145.72799999999998
526,77.00399999999999,48.024,45.54,53.82,72.036,78.66,101.01599999999999,139.932,145.72799999999998
527,83.628,47.196,43.056,49.68,77.832,78.66,101.01599999999999,147.384,166.428
528,83.628,47.196,43.056,49.68,77.832,78.66,101.01599999999999,147.384,166.428
529,85.28399999999999,45.54,45.54,44.711999999999996,68.72399999999999,79.488,98.532,126.684,202.03199999999998
530,71.208,49.68,40.571999999999996,43.056,56.303999999999995,100.18799999999999,104.32799999999999,110.952,145.72799999999998
531,71.208,49.68,40.571999999999996,43.056,56.303999999999995,100.18799999999999,104.32799999999999,110.952,145.72799999999998
532,61.272,70.38,41.4,43.884,49.68,96.048,99.36,95.22,125.856
533,61.272,70.38,41.4,43.884,49.68,96.048,99.36,95.22,125.856
534,62.928,69.55199999999999,43.056,43.884,45.54,71.208,109.29599999999999,90.252,135.792
535,62.928,69.55199999999999,43.056,43.884,45.54,71.208,109.29599999999999,90.252,135.792
536,62.928,69.55199999999999,43.056,43.884,45.54,71.208,109.29599999999999,90.252,135.792
537,62.928,69.55199999999999,43.056,43.884,45.54,71.208,109.29599999999999,90.252,135.792
538,64.584,67.068,51.336,38.088,49.68,52.992,120.05999999999999,92.73599999999999,102.672
539,64.584,67.068,51.336,38.088,49.68,52.992,120.05999999999999,92.73599999999999,102.672
540,68.72399999999999,64.584,59.616,43.056,52.163999999999994,52.163999999999994,105.984,105.984,90.252
541,59.616,59.616,66.24,48.024,49.68,52.992,56.303999999999995,124.19999999999999,117.576
542,59.616,57.132,66.24,53.82,51.336,47.196,60.443999999999996,109.29599999999999,115.092
543,59.616,57.132,66.24,53.82,51.336,47.196,60.443999999999996,109.29599999999999,115.092
544,58.788,52.163999999999994,62.099999999999994,64.584,46.367999999999995,43.884,59.616,67.896,145.72799999999998
545,58.788,52.163999999999994,62.099999999999994,64.584,46.367999999999995,43.884,59.616,67.896,145.72799999999998
546,58.788,52.163999999999994,62.099999999999994,64.584,46.367999999999995,43.884,59.616,67.896,145.72799999999998
547,58.788,52.163999999999994,62.099999999999994,64.584,46.367999999999995,43.884,59.616,67.896,145.72799999999998
548,57.132,46.367999999999995,57.132,70.38,48.024,43.884,52.992,58.788,102.672
549,57.132,46.367999999999995,57.132,70.38,48.024,43.884,52.992,58.788,102.672
550,62.099999999999994,43.056,52.992,68.72399999999999,56.303999999999995,45.54,46.367999999999995,57.959999999999994,89.42399999999999
551,67.896,50.507999999999996,50.507999999999996,61.272,57.959999999999994,48.024,46.367999999999995,63.756,76.176
552,71.208,60.443999999999996,47.196,57.132,64.584,49.68,47.196,54.647999999999996,67.896
553,71.208,60.443999999999996,47.196,57.132,64.584,49.68,47.196,54.647999999999996,67.896
554,67.896,61.272,45.54,53.82,59.616,59.616,52.163999999999994,51.336,64.584
555,67.896,61.272,45.54,53.82,59.616,59.616,52.163999999999994,51.336,64.584
556,67.896,61.272,45.54,53.82,59.616,59.616,52.163999999999994,51.336,64.584
557,60.443999999999996,60.443999999999996,45.54,45.54,57.132,75.348,50.507999999999996,52.163999999999994,60.443999999999996
558,60.443999999999996,60.443999999999996,45.54,45.54,57.132,75.348,50.507999999999996,52.163999999999994,60.443999999999996
559,61.272,61.272,45.54,47.196,48.852,59.616,60.443999999999996,54.647999999999996,58.788
560,64.584,53.82,51.336,41.4,45.54,58.788,75.348,54.647999999999996,62.099999999999994
561,64.584,53.82,51.336,41.4,45.54,58.788,75.348,54.647999999999996,62.099999999999994
562,68.72399999999999,52.163999999999994,52.992,36.431999999999995,43.884,44.711999999999996,72.86399999999999,57.132,64.584
563,68.72399999999999,52.163999999999994,52.992,36.431999999999995,43.884,44.711999999999996,72.86399999999999,57.132,64.584
564,71.208,59.616,46.367999999999995,37.26,42.227999999999994,44.711999999999996,91.08,63.756,64.584
565,71.208,59.616,46.367999999999995,37.26,42.227999999999994,44.711999999999996,91.08,63.756,64.584
566,71.208,59.616,46.367999999999995,37.26,42.227999999999994,44.711999999999996,91.08,63.756,64.584
567,71.208,55.476,55.476,38.916,49.68,54.647999999999996,84.45599999999999,67.068,61.272
568,71.208,55.476,55.476,38.916,49.68,54.647999999999996,84.45599999999999,67.068,61.272
569,79.488,57.959999999999994,48.852,39.744,43.056,47.196,68.72399999999999,88.59599999999999,60.443999999999996
570,81.972,58.788,59.616,50.507999999999996,38.088,43.056,57.959999999999994,91.08,63.756
571,81.972,58.788,59.616,50.507999999999996,38.088,43.056,57.959999999999994,91.08,63.756
572,76.176,59.616,51.336,53.82,39.744,51.336,53.82,83.628,93.564
573,76.176,59.616,51.336,53.82,39.744,51.336,53.82,83.628,93.564
574,71.208,52.992,50.507999999999996,52.992,39.744,48.852,57.959999999999994,63.756,101.844
575,71.208,52.992,50.507999999999996,52.992,39.744,48.852,57.959999999999994,63.756,101.844
576,71.208,52.992,50.507999999999996,52.992,39.744,48.852,57.959999999999994,63.756,101.844
577,73.692,64.584,48.852,48.852,51.336,45.54,60.443999999999996,67.068,101.01599999999999
578,73.692,64.584,48.852,48.852,51.336,45.54,60.443999999999996,67.068,101.01599999999999
579,69.55199999999999,54.647999999999996,56.303999999999995,48.024,61.272,44.711999999999996,54.647999999999996,62.928,99.36
580,68.72399999999999,58.788,63.756,50.507999999999996,57.959999999999994,43.056,53.82,59.616,107.64
581,68.72399999999999,58.788,63.756,50.507999999999996,57.959999999999994,43.056,53.82,59.616,107.64
582,60.443999999999996,62.099999999999994,60.443999999999996,44.711999999999996,53.82,44.711999999999996,61.272,65.41199999999999,91.08
583,60.443999999999996,62.099999999999994,60.443999999999996,44.711999999999996,53.82,44.711999999999996,61.272,65.41199999999999,91.08
584,55.476,61.272,56.303999999999995,59.616,51.336,62.928,59.616,65.41199999999999,84.45599999999999
585,55.476,61.272,56.303999999999995,59.616,51.336,62.928,59.616,65.41199999999999,84.45599999999999
586,55.476,61.272,56.303999999999995,59.616,51.336,62.928,59.616,65.41199999999999,84.45599999999999
587,59.616,55.476,53.82,62.928,51.336,62.099999999999994,59.616,72.86399999999999,76.176
588,59.616,55.476,53.82,62.928,51.336,62.099999999999994,59.616,72.86399999999999,76.176
589,51.336,48.852,68.72399999999999,57.959999999999994,56.303999999999995,57.959999999999994,62.928,66.24,66.24
590,48.024,42.227999999999994,52.992,51.336,70.38,54.647999999999996,91.08,67.896,60.443999999999996
591,48.024,42.227999999999994,52.992,51.336,70.38,54.647999999999996,91.08,67.896,60.443999999999996
592,52.992,44.711999999999996,45.54,62.928,67.896,52.163999999999994,92.73599999999999,79.488,59.616
593,52.992,44.711999999999996,45.54,62.928,67.896,52.163999999999994,92.73599999999999,79.488,59.616
594,67.896,40.571999999999996,43.056,71.208,61.272,67.896,80.316,77.832,64.584
595,67.896,40.571999999999996,43.056,71.208,61.272,67.896,80.316,77.832,64.584
596,67.896,40.571999999999996,43.056,71.208,61.272,67.896,80.316,77.832,64.584
597,66.24,42.227999999999994,44.711999999999996,67.068,67.068,71.208,73.692,75.348,67.068
598,66.24,42.227999999999994,44.711999999999996,67.068,67.068,71.208,73.692,75.348,67.068
599,58.788,45.54,46.367999999999995,60.443999999999996,67.896,72.86399999999999,72.86399999999999,75.348,78.66
